<?xml version="1.0" encoding="UTF-8"?>
<GenRun Id="impl_1" LaunchPart="xc7vx485tffg1157-1" LaunchTime="1687951572">
  <File Type="PA-TCL" Name="ALU32.tcl"/>
  <File Type="BITSTR-BMM" Name="ALU32_bd.bmm"/>
  <File Type="REPORTS-TCL" Name="ALU32_reports.tcl"/>
  <File Type="OPT-DCP" Name="ALU32_opt.dcp"/>
  <File Type="OPT-HWDEF" Name="ALU32.hwdef"/>
  <File Type="PWROPT-DCP" Name="ALU32_pwropt.dcp"/>
  <File Type="PLACE-DCP" Name="ALU32_placed.dcp"/>
  <File Type="PLACE-PRE-SIMILARITY" Name="ALU32_incremental_reuse_pre_placed.rpt"/>
  <File Type="POSTPLACE-PWROPT-DCP" Name="ALU32_postplace_pwropt.dcp"/>
  <File Type="BG-BIN" Name="ALU32.bin"/>
  <File Type="PHYSOPT-DCP" Name="ALU32_physopt.dcp"/>
  <File Type="BITSTR-MSK" Name="ALU32.msk"/>
  <File Type="ROUTE-ERROR-DCP" Name="ALU32_routed_error.dcp"/>
  <File Type="ROUTE-DCP" Name="ALU32_routed.dcp"/>
  <File Type="ROUTE-BLACKBOX-DCP" Name="ALU32_routed_bb.dcp"/>
  <File Type="BITSTR-MMI" Name="ALU32.mmi"/>
  <File Type="ROUTE-TIMING-PB" Name="ALU32_timing_summary_routed.pb"/>
  <File Type="POSTROUTE-PHYSOPT-DCP" Name="ALU32_postroute_physopt.dcp"/>
  <File Type="POSTROUTE-PHYSOPT-BLACKBOX-DCP" Name="ALU32_postroute_physopt_bb.dcp"/>
  <File Type="BG-BIT" Name="ALU32.bit"/>
  <File Type="BITSTR-RBT" Name="ALU32.rbt"/>
  <File Type="BITSTR-NKY" Name="ALU32.nky"/>
  <File Type="PDI-FILE" Name="ALU32.pdi"/>
  <File Type="RCFI_FILE" Name="ALU32.rcfi"/>
  <File Type="CFI_FILE" Name="ALU32.cfi"/>
  <File Type="RNPI_FILE" Name="ALU32.rnpi"/>
  <File Type="NPI_FILE" Name="ALU32.npi"/>
  <File Type="RBD_FILE" Name="ALU32.rbd"/>
  <File Type="BITSTR-LTX" Name="ALU32.ltx"/>
  <File Type="BITSTR-SYSDEF" Name="ALU32.sysdef"/>
  <File Type="BG-BGN" Name="ALU32.bgn"/>
  <File Type="BG-DRC" Name="ALU32.drc"/>
  <File Type="RDI-RDI" Name="ALU32.vdi"/>
  <File Type="WBT-USG" Name="usage_statistics_webtalk.html"/>
  <FileSet Name="sources" Type="DesignSrcs" RelSrcDir="$PSRCDIR/sources_1">
    <Filter Type="Srcs"/>
    <File Path="$PSRCDIR/sources_1/new/alu.v">
      <FileInfo>
        <Attr Name="UsedIn" Val="synthesis"/>
        <Attr Name="UsedIn" Val="implementation"/>
        <Attr Name="UsedIn" Val="simulation"/>
      </FileInfo>
    </File>
    <Config>
      <Option Name="DesignMode" Val="RTL"/>
      <Option Name="TopModule" Val="ALU32"/>
      <Option Name="TopAutoSet" Val="TRUE"/>
    </Config>
  </FileSet>
  <FileSet Name="constrs_in" Type="Constrs" RelSrcDir="$PSRCDIR/constrs_1">
    <Filter Type="Constrs"/>
    <Config>
      <Option Name="ConstrsType" Val="XDC"/>
    </Config>
  </FileSet>
  <FileSet Name="utils" Type="Utils" RelSrcDir="$PSRCDIR/utils_1">
    <Filter Type="Utils"/>
    <Config>
      <Option Name="TopAutoSet" Val="TRUE"/>
    </Config>
  </FileSet>
  <Strategy Version="1" Minor="2">
    <StratHandle Name="Vivado Implementation Defaults" Flow="Vivado Implementation 2019"/>
    <Step Id="init_design"/>
    <Step Id="opt_design"/>
    <Step Id="power_opt_design"/>
    <Step Id="place_design"/>
    <Step Id="post_place_power_opt_design"/>
    <Step Id="phys_opt_design" EnableStepBool="1"/>
    <Step Id="route_design"/>
    <Step Id="post_route_phys_opt_design"/>
    <Step Id="write_bitstream"/>
    <Step Id="write_device_image"/>
  </Strategy>
</GenRun>
